time,c_current_x,c_current_y,c_predicted_x,c_predicted_y,a_path_x,a_path_y,distance_to_a_path,ai_conflict,prediction_horizon,inference_time_ms
0.97,235.333,4.000,230.368,3.972,230.368,0.000,3.9720,False,0.495,61.91
1.00,235.000,4.000,230.034,3.972,230.034,0.000,3.9722,False,0.495,4.22
1.03,234.667,4.000,229.700,3.973,229.700,0.000,3.9725,False,0.495,4.34
1.07,234.333,4.000,229.366,3.973,229.366,0.000,3.9728,False,0.495,3.95
1.10,234.000,4.000,229.033,3.973,229.033,0.000,3.9731,False,0.495,4.49
1.13,233.667,4.000,228.700,3.973,228.700,0.000,3.9734,False,0.495,4.55
1.17,233.333,4.000,228.368,3.974,228.368,0.000,3.9737,False,0.495,4.24
1.20,233.000,4.000,228.036,3.974,228.036,0.000,3.9740,False,0.495,4.10
1.23,232.667,4.000,227.704,3.974,227.704,0.000,3.9744,False,0.495,4.55
1.27,232.333,4.000,227.372,3.975,227.372,0.000,3.9747,False,0.495,4.49
1.30,232.000,4.000,227.041,3.975,227.041,0.000,3.9750,False,0.495,4.47
1.33,231.667,4.000,226.710,3.975,226.710,0.000,3.9754,False,0.495,4.12
1.37,231.333,4.000,226.379,3.976,226.379,0.000,3.9757,False,0.495,4.21
1.40,231.000,4.000,226.048,3.976,226.048,0.000,3.9760,False,0.495,5.23
1.43,230.667,4.000,225.717,3.976,225.717,0.000,3.9764,False,0.495,3.83
1.47,230.333,4.000,225.387,3.977,225.387,0.000,3.9767,False,0.495,3.35
1.50,230.000,4.000,225.056,3.977,225.056,0.000,3.9771,False,0.495,3.93
1.53,229.667,4.000,224.726,3.977,224.726,0.000,3.9774,False,0.495,3.35
1.57,229.333,4.000,224.396,3.978,224.396,0.000,3.9777,False,0.495,2.91
1.60,229.000,4.000,224.065,3.978,224.065,0.000,3.9781,False,0.495,4.37
1.63,228.667,4.000,223.735,3.978,223.735,0.000,3.9784,False,0.495,5.17
1.67,228.333,4.000,223.405,3.979,223.405,0.000,3.9787,False,0.495,4.24
1.70,228.000,4.000,223.075,3.979,223.075,0.000,3.9790,False,0.495,2.90
1.73,227.667,4.000,222.745,3.979,222.745,0.000,3.9793,False,0.495,4.53
1.77,227.333,4.000,222.415,3.980,222.415,0.000,3.9796,False,0.495,5.03
1.80,227.000,4.000,222.084,3.980,222.084,0.000,3.9798,False,0.495,4.34
1.83,226.667,4.000,221.754,3.980,221.754,0.000,3.9801,False,0.495,4.23
1.87,226.333,4.000,221.424,3.980,221.424,0.000,3.9803,False,0.495,4.09
1.90,226.000,4.000,221.093,3.981,221.093,0.000,3.9805,False,0.495,3.07
1.93,225.667,4.000,220.762,3.981,220.762,0.000,3.9807,False,0.495,3.40
1.97,225.333,4.000,220.431,3.981,220.431,0.000,3.9809,False,0.495,3.18
2.00,225.000,4.000,220.100,3.981,220.100,0.000,3.9811,False,0.495,4.17
2.03,224.667,4.000,219.769,3.981,219.769,0.000,3.9812,False,0.495,3.33
2.07,224.333,4.000,219.438,3.981,219.438,0.000,3.9813,False,0.495,3.34
2.10,224.000,4.000,219.106,3.981,219.106,0.000,3.9814,False,0.495,3.23
2.13,223.667,4.000,218.775,3.981,218.775,0.000,3.9815,False,0.495,3.18
2.17,223.333,4.000,218.443,3.982,218.443,0.000,3.9815,False,0.495,3.56
2.20,223.000,4.000,218.111,3.982,218.111,0.000,3.9816,False,0.495,3.47
2.23,222.667,4.000,217.778,3.982,217.778,0.000,3.9816,False,0.495,3.18
2.27,222.333,4.000,217.446,3.982,217.446,0.000,3.9815,False,0.495,4.09
2.30,222.000,4.000,217.113,3.981,217.113,0.000,3.9815,False,0.495,3.83
2.33,221.667,4.000,216.780,3.981,216.780,0.000,3.9814,False,0.495,3.43
2.37,221.333,4.000,216.446,3.981,216.446,0.000,3.9813,False,0.495,3.50
2.40,221.000,4.000,216.113,3.981,216.113,0.000,3.9812,False,0.495,3.72
2.43,220.667,4.000,215.779,3.981,215.779,0.000,3.9810,False,0.495,3.94
2.47,220.333,4.000,215.445,3.981,215.445,0.000,3.9808,False,0.495,4.27
2.50,220.000,4.000,215.110,3.981,215.110,0.000,3.9806,False,0.495,4.05
2.53,219.667,4.000,214.776,3.980,214.776,0.000,3.9803,False,0.495,4.16
2.57,219.333,4.000,214.441,3.980,214.441,0.000,3.9801,False,0.495,3.65
2.60,219.000,4.000,214.106,3.980,214.106,0.000,3.9798,False,0.495,3.59
2.63,218.667,4.000,213.770,3.979,213.770,0.000,3.9794,False,0.495,3.82
2.67,218.333,4.000,213.434,3.979,213.434,0.000,3.9791,False,0.495,4.28
2.70,218.000,4.000,213.099,3.979,213.099,0.000,3.9787,False,0.495,4.40
2.73,217.667,4.000,212.762,3.978,212.762,0.000,3.9782,False,0.495,3.82
2.77,217.333,4.000,212.426,3.978,212.426,0.000,3.9778,False,0.495,3.98
2.80,217.000,4.000,212.089,3.977,212.089,0.000,3.9773,False,0.495,3.42
2.83,216.667,4.000,211.752,3.977,211.752,0.000,3.9768,False,0.495,5.00
2.87,216.333,4.000,211.415,3.976,211.415,0.000,3.9763,False,0.495,3.95
2.90,216.000,4.000,211.078,3.976,211.078,0.000,3.9757,False,0.495,3.34
2.93,215.667,4.000,210.740,3.975,210.740,0.000,3.9752,False,0.495,3.77
2.97,215.333,4.000,210.403,3.975,210.403,0.000,3.9746,False,0.495,3.90
3.00,215.000,4.000,210.065,3.974,210.065,0.000,3.9739,False,0.495,3.62
3.03,214.667,4.000,209.727,3.973,209.727,0.000,3.9733,False,0.495,3.79
3.07,214.333,4.000,209.389,3.973,209.389,0.000,3.9727,False,0.495,3.45
3.10,214.000,4.000,209.050,3.972,209.050,0.000,3.9720,False,0.495,3.39
3.13,213.667,4.000,208.712,3.971,208.712,0.000,3.9713,False,0.495,2.93
3.17,213.333,4.000,208.373,3.971,208.373,0.000,3.9706,False,0.495,3.37
3.20,213.000,4.000,208.034,3.970,208.034,0.000,3.9699,False,0.495,3.64
3.23,212.667,4.000,207.695,3.969,207.695,0.000,3.9693,False,0.495,4.15
3.27,212.333,4.000,207.356,3.969,207.356,0.000,3.9686,False,0.495,3.61
3.30,212.000,4.000,207.017,3.968,207.017,0.000,3.9679,False,0.495,3.94
3.33,211.667,4.000,206.678,3.967,206.678,0.000,3.9672,False,0.495,2.75
3.37,211.333,4.000,206.339,3.967,206.339,0.000,3.9666,False,0.495,3.38
3.40,211.000,4.000,206.000,3.966,206.000,0.000,3.9659,False,0.495,4.34
3.43,210.667,4.000,205.662,3.965,205.662,0.000,3.9653,False,0.495,3.40
3.47,210.333,4.000,205.323,3.965,205.323,0.000,3.9648,False,0.495,3.79
3.50,210.000,4.000,204.984,3.964,204.984,0.000,3.9642,False,0.495,3.66
3.53,209.667,4.000,204.645,3.964,204.645,0.000,3.9637,False,0.495,3.39
3.57,209.333,4.000,204.307,3.963,204.307,0.000,3.9633,False,0.495,2.53
3.60,209.000,4.000,203.969,3.963,203.969,0.000,3.9630,False,0.495,3.03
3.63,208.667,4.000,203.631,3.963,203.631,0.000,3.9627,False,0.495,3.51
3.67,208.333,4.000,203.293,3.962,203.293,0.000,3.9625,False,0.495,3.38
3.70,208.000,4.000,202.956,3.962,202.956,0.000,3.9623,False,0.495,3.11
3.73,207.667,4.000,202.619,3.962,202.619,0.000,3.9623,False,0.495,3.95
3.77,207.333,4.000,202.282,3.962,202.282,0.000,3.9623,False,0.495,3.26
3.80,207.000,4.000,201.946,3.962,201.946,0.000,3.9624,False,0.495,3.01
3.83,206.667,4.000,201.610,3.963,201.610,0.000,3.9626,False,0.495,4.11
3.87,206.333,4.000,201.275,3.963,201.275,0.000,3.9628,False,0.495,3.65
3.90,206.000,4.000,200.940,3.963,200.940,0.000,3.9631,False,0.495,3.84
3.93,205.667,4.000,200.606,3.963,200.606,0.000,3.9634,False,0.495,3.97
3.97,205.333,4.000,200.273,3.964,200.273,0.000,3.9637,False,0.495,3.18
4.00,205.000,4.000,199.940,3.964,199.940,0.000,3.9639,False,0.495,3.13
4.03,204.667,4.000,199.608,3.964,199.608,0.000,3.9640,False,0.495,4.55
4.07,204.333,4.000,199.277,3.964,199.277,0.000,3.9640,False,0.495,3.43
4.10,204.000,4.000,198.947,3.964,198.947,0.000,3.9636,False,0.495,3.11
4.13,203.667,4.000,198.617,3.963,198.617,0.000,3.9630,False,0.495,3.28
4.17,203.333,4.000,198.288,3.962,198.288,0.000,3.9619,False,0.495,4.29
4.20,203.000,4.000,197.960,3.960,197.960,0.000,3.9603,False,0.495,4.14
4.23,202.667,4.000,197.632,3.958,197.632,0.000,3.9582,False,0.495,3.87
4.27,202.333,4.000,197.305,3.955,197.305,0.000,3.9554,False,0.495,4.16
4.30,202.000,4.000,196.979,3.952,196.979,0.000,3.9521,False,0.495,3.73
4.33,201.667,4.000,196.653,3.948,196.653,0.000,3.9480,False,0.495,3.22
4.37,201.333,4.000,196.327,3.943,196.327,0.000,3.9433,False,0.495,4.11
4.40,201.000,4.000,196.002,3.938,196.002,0.000,3.9380,False,0.495,3.98
4.43,200.667,4.000,195.676,3.932,195.676,0.000,3.9321,False,0.495,4.49
4.47,200.333,4.000,195.350,3.926,195.350,0.000,3.9256,False,0.495,3.76
4.50,200.000,4.000,195.024,3.919,195.024,0.000,3.9187,False,0.495,3.85
4.53,199.667,4.000,194.698,3.911,194.698,0.000,3.9114,False,0.495,4.59
4.57,199.333,4.000,194.371,3.904,194.371,0.000,3.9039,False,0.495,3.85
4.60,199.000,4.000,194.043,3.896,194.043,0.000,3.8962,False,0.495,3.15
4.63,198.667,4.000,193.715,3.888,193.715,0.000,3.8884,False,0.495,3.58
4.67,198.333,4.000,193.386,3.881,193.386,0.000,3.8807,False,0.495,4.16
4.70,198.000,4.000,193.057,3.873,193.057,0.000,3.8732,False,0.495,3.96
4.73,197.667,4.000,192.728,3.866,192.728,0.000,3.8660,False,0.495,4.19
4.77,197.333,4.000,192.397,3.859,192.397,0.000,3.8591,False,0.495,3.15
4.80,197.000,4.000,192.066,3.853,192.066,0.000,3.8526,False,0.495,4.19
4.83,196.667,4.000,191.735,3.847,191.735,0.000,3.8466,False,0.495,3.67
4.87,196.333,4.000,191.403,3.841,191.403,0.000,3.8411,False,0.495,3.65
4.90,196.000,4.000,191.070,3.836,191.070,0.000,3.8362,False,0.495,3.82
4.93,195.667,4.000,190.736,3.832,190.736,0.000,3.8320,False,0.495,2.68
4.97,195.333,4.000,190.403,3.828,190.403,0.000,3.8283,False,0.495,3.70
5.00,195.000,4.000,190.068,3.825,190.068,0.000,3.8252,False,0.495,3.73
5.03,194.667,4.000,189.733,3.823,189.733,0.000,3.8227,False,0.495,3.83
5.07,194.333,4.000,189.398,3.821,189.398,0.000,3.8208,False,0.495,3.85
5.10,194.000,4.000,189.062,3.819,189.062,0.000,3.8194,False,0.495,3.18
5.13,193.667,4.000,188.725,3.818,188.725,0.000,3.8185,False,0.495,3.10
5.17,193.333,4.000,188.387,3.818,188.387,0.000,3.8179,False,0.495,3.69
5.20,193.000,4.000,188.049,3.818,188.049,0.000,3.8177,False,0.495,4.80
5.23,192.667,4.000,187.710,3.818,187.710,0.000,3.8176,False,0.495,3.48
5.27,192.333,4.000,187.371,3.817,187.371,0.000,3.8175,False,0.495,3.85
5.30,192.000,4.000,187.031,3.817,187.031,0.000,3.8173,False,0.495,2.52
5.33,191.667,4.000,186.690,3.817,186.690,0.000,3.8168,False,0.495,3.67
5.37,191.333,4.000,186.349,3.816,186.349,0.000,3.8160,False,0.495,3.13
5.40,191.000,4.000,186.007,3.815,186.007,0.000,3.8147,False,0.495,3.49
5.43,190.667,4.000,185.665,3.813,185.665,0.000,3.8129,False,0.495,3.97
5.47,190.333,4.000,185.322,3.811,185.322,0.000,3.8106,False,0.495,3.78
5.50,190.000,4.000,184.979,3.808,184.979,0.000,3.8078,False,0.495,3.39
5.53,189.667,4.000,184.635,3.804,184.635,0.000,3.8044,False,0.495,3.32
5.57,189.333,4.000,184.291,3.800,184.291,0.000,3.8003,False,0.495,4.04
5.60,189.000,4.000,183.947,3.796,183.947,0.000,3.7957,False,0.495,3.79
5.63,188.667,4.000,183.603,3.790,183.603,0.000,3.7904,False,0.495,3.51
5.67,188.333,4.000,183.258,3.784,183.258,0.000,3.7844,False,0.495,3.20
5.70,188.000,4.000,182.914,3.778,182.914,0.000,3.7776,False,0.495,3.49
5.73,187.667,4.000,182.570,3.770,182.570,0.000,3.7701,False,0.495,4.13
5.77,187.333,4.000,182.226,3.762,182.226,0.000,3.7617,False,0.495,3.46
5.80,187.000,4.000,181.882,3.752,181.882,0.000,3.7524,False,0.495,5.66
5.83,186.667,4.000,181.539,3.742,181.539,0.000,3.7422,False,0.495,4.07
5.87,186.333,4.000,181.197,3.731,181.197,0.000,3.7310,False,0.495,3.01
5.90,186.000,4.000,180.856,3.719,180.856,0.000,3.7189,False,0.495,2.97
5.93,185.667,4.000,180.516,3.706,180.516,0.000,3.7056,False,0.495,4.40
5.97,185.333,4.000,180.176,3.691,180.176,0.000,3.6914,False,0.495,3.39
6.00,185.000,4.000,179.838,3.676,179.838,0.000,3.6762,False,0.495,3.57
6.03,184.667,4.000,179.501,3.660,179.501,0.000,3.6599,False,0.495,3.41
6.07,184.333,4.000,179.166,3.643,179.166,0.000,3.6427,False,0.495,3.21
6.10,184.000,4.000,178.832,3.625,178.832,0.000,3.6245,False,0.495,4.54
6.13,183.667,4.000,178.499,3.606,178.499,0.000,3.6056,False,0.495,2.74
6.17,183.333,4.000,178.168,3.586,178.168,0.000,3.5859,False,0.495,4.19
6.20,183.000,4.000,177.839,3.565,177.839,0.000,3.5655,False,0.495,2.99
6.23,182.676,3.922,177.610,2.593,177.610,0.000,2.5932,False,0.495,2.98
6.27,182.355,3.833,177.620,2.485,177.620,0.000,2.4851,False,0.495,3.28
6.30,182.036,3.735,176.994,2.415,176.994,0.000,2.4150,False,0.495,3.29
6.33,181.721,3.627,176.785,2.356,176.785,0.000,2.3564,False,0.495,3.89
6.37,181.405,3.521,176.485,2.283,176.485,0.000,2.2832,False,0.495,3.13
6.40,181.087,3.419,176.090,2.214,176.090,0.000,2.2144,False,0.495,3.53
6.43,180.769,3.320,175.707,2.148,175.707,0.000,2.1477,False,0.495,3.17
6.47,180.450,3.225,175.352,2.082,175.352,0.000,2.0825,False,0.495,3.95
6.50,180.130,3.132,175.019,2.020,175.019,0.000,2.0195,False,0.495,4.40
6.53,179.809,3.041,174.700,1.959,174.700,0.000,1.9592,True,0.495,3.81
6.57,179.487,2.953,174.388,1.901,174.388,0.000,1.9014,True,0.495,4.64
6.60,179.165,2.867,174.078,1.846,174.078,0.000,1.8457,True,0.495,3.82
6.63,178.842,2.784,173.768,1.792,173.768,0.000,1.7918,True,0.495,3.62
6.67,178.519,2.703,173.452,1.739,173.452,0.000,1.7393,True,0.495,3.03
6.70,178.195,2.624,173.130,1.688,173.130,0.000,1.6879,True,0.495,3.51
6.73,177.871,2.548,172.801,1.637,172.801,0.000,1.6374,True,0.495,3.41
6.77,177.546,2.473,172.465,1.588,172.465,0.000,1.5880,True,0.495,3.05
6.80,177.220,2.401,172.127,1.540,172.127,0.000,1.5399,True,0.495,3.20
6.83,176.895,2.330,171.789,1.493,171.789,0.000,1.4932,True,0.495,3.61
6.87,176.568,2.262,171.456,1.448,171.456,0.000,1.4481,True,0.495,3.61
6.90,176.242,2.195,171.129,1.404,171.129,0.000,1.4044,True,0.495,4.64
6.93,175.915,2.131,170.809,1.362,170.809,0.000,1.3618,True,0.495,3.57
6.97,175.587,2.068,170.490,1.319,170.490,0.000,1.3194,True,0.495,3.33
7.00,175.260,2.007,170.176,1.278,170.176,0.000,1.2779,True,0.495,2.68
7.03,174.932,1.948,169.945,1.244,169.945,0.000,1.2436,True,0.495,3.44
7.07,174.603,1.890,169.776,1.213,169.776,0.000,1.2134,True,0.495,3.05
7.10,174.275,1.834,169.524,1.175,169.524,0.000,1.1748,True,0.495,2.68
7.13,173.946,1.780,169.210,1.137,169.210,0.000,1.1373,True,0.495,3.52
7.17,173.617,1.727,168.875,1.100,168.875,0.000,1.1005,True,0.495,3.78
7.20,173.287,1.676,168.570,1.068,168.570,0.000,1.0682,True,0.495,3.69
7.23,172.958,1.627,168.302,1.042,168.302,0.000,1.0424,True,0.495,3.76
7.27,172.628,1.578,167.986,1.013,167.986,0.000,1.0129,True,0.495,4.72
7.30,172.298,1.531,167.645,0.981,167.645,0.000,0.9805,True,0.495,3.58
7.33,171.968,1.486,167.308,0.950,167.308,0.000,0.9498,True,0.495,6.04
7.37,171.637,1.442,166.965,0.921,166.965,0.000,0.9213,True,0.495,3.84
7.40,171.307,1.399,166.615,0.895,166.615,0.000,0.8947,True,0.495,3.25
7.43,170.976,1.357,166.259,0.869,166.259,0.000,0.8694,True,0.495,4.07
7.47,170.645,1.317,165.901,0.845,165.901,0.000,0.8452,True,0.495,2.97
7.50,170.314,1.278,165.544,0.822,165.544,0.000,0.8219,True,0.495,3.30
7.53,169.983,1.240,165.188,0.799,165.188,0.000,0.7993,True,0.495,3.89
7.57,169.652,1.203,164.835,0.777,164.835,0.000,0.7773,True,0.495,3.51
7.60,169.320,1.167,164.485,0.756,164.485,0.000,0.7558,True,0.495,4.00
7.63,168.989,1.132,164.137,0.735,164.137,0.000,0.7348,True,0.495,3.60
7.67,168.657,1.098,163.792,0.714,163.792,0.000,0.7142,True,0.495,3.11
7.70,168.325,1.065,163.449,0.694,163.449,0.000,0.6940,True,0.495,3.22
7.73,167.994,1.034,163.107,0.674,163.107,0.000,0.6741,True,0.495,3.53
7.77,167.662,1.003,162.767,0.655,162.767,0.000,0.6546,True,0.495,3.13
7.80,167.330,0.973,162.427,0.635,162.427,0.000,0.6354,True,0.495,4.15
7.83,166.998,0.944,162.087,0.617,162.087,0.000,0.6165,True,0.495,4.49
7.87,166.666,0.915,161.746,0.598,161.746,0.000,0.5980,True,0.495,3.96
7.90,166.333,0.888,161.401,0.580,161.401,0.000,0.5796,True,0.495,3.25
7.93,166.001,0.862,161.048,0.562,161.048,0.000,0.5616,True,0.495,3.36
7.97,165.669,0.836,160.697,0.545,160.697,0.000,0.5455,True,0.495,3.40
8.00,165.336,0.811,160.315,0.525,160.315,0.000,0.5250,True,0.495,2.82
8.03,165.004,0.787,160.006,0.512,160.006,0.000,0.5118,True,0.495,3.67
8.07,164.671,0.763,159.693,0.499,159.693,0.000,0.4989,True,0.495,2.68
8.10,164.339,0.740,159.375,0.486,159.375,0.000,0.4861,True,0.495,3.75
8.13,164.006,0.718,159.052,0.473,159.052,0.000,0.4733,True,0.495,3.67
8.17,163.674,0.696,158.726,0.461,158.726,0.000,0.4607,True,0.495,3.24
8.20,163.341,0.676,158.395,0.448,158.395,0.000,0.4482,True,0.495,2.54
8.23,163.008,0.655,158.061,0.436,158.061,0.000,0.4357,True,0.495,4.31
8.27,162.675,0.636,157.724,0.423,157.724,0.000,0.4232,True,0.495,3.22
8.30,162.343,0.617,157.384,0.411,157.384,0.000,0.4109,True,0.495,3.14
8.33,162.010,0.598,157.042,0.399,157.042,0.000,0.3986,True,0.495,4.22
8.37,161.677,0.580,156.698,0.387,156.698,0.000,0.3865,True,0.495,3.56
8.40,161.344,0.563,156.353,0.375,156.353,0.000,0.3745,True,0.495,3.34
8.43,161.011,0.546,156.006,0.363,156.006,0.000,0.3627,True,0.495,3.40
8.47,160.678,0.530,155.659,0.351,155.659,0.000,0.3510,True,0.495,3.79
8.50,160.345,0.514,155.312,0.340,155.312,0.000,0.3396,True,0.495,4.88
8.53,160.012,0.498,154.964,0.328,154.964,0.000,0.3284,True,0.495,3.83
8.57,159.679,0.484,154.618,0.317,154.618,0.000,0.3174,True,0.495,3.58
8.60,159.346,0.469,154.272,0.307,154.272,0.000,0.3067,True,0.495,3.66
8.63,159.013,0.455,153.927,0.296,153.927,0.000,0.2962,True,0.495,3.29
8.67,158.680,0.441,153.584,0.286,153.584,0.000,0.2861,True,0.495,3.49
8.70,158.347,0.428,153.242,0.276,153.242,0.000,0.2763,True,0.495,3.26
8.73,158.014,0.415,152.901,0.267,152.901,0.000,0.2668,True,0.495,3.19
8.77,157.681,0.403,152.563,0.258,152.563,0.000,0.2576,True,0.495,4.13
8.80,157.348,0.391,152.227,0.249,152.227,0.000,0.2488,True,0.495,3.81
8.83,157.015,0.379,151.893,0.240,151.893,0.000,0.2403,True,0.495,4.55
8.87,156.682,0.368,151.561,0.232,151.561,0.000,0.2322,True,0.495,3.21
8.90,156.348,0.357,151.231,0.224,151.231,0.000,0.2244,True,0.495,3.06
8.93,156.015,0.346,150.903,0.217,150.903,0.000,0.2169,True,0.495,3.54
8.97,155.682,0.336,150.578,0.210,150.578,0.000,0.2099,True,0.495,3.31
9.00,155.349,0.326,150.255,0.203,150.255,0.000,0.2032,True,0.495,3.50
9.03,155.016,0.316,149.935,0.197,149.935,0.000,0.1968,True,0.495,3.33
9.07,154.682,0.306,149.616,0.191,149.616,0.000,0.1908,True,0.495,4.90
9.10,154.349,0.297,149.300,0.185,149.300,0.000,0.1851,True,0.495,3.97
9.13,154.016,0.288,148.986,0.180,148.986,0.000,0.1798,True,0.495,3.96
9.17,153.683,0.280,148.674,0.175,148.674,0.000,0.1749,True,0.495,2.69
9.20,153.350,0.271,148.364,0.170,148.364,0.000,0.1702,True,0.495,2.96
9.23,153.016,0.263,148.056,0.166,148.056,0.000,0.1659,True,0.495,3.36
9.27,152.683,0.255,147.750,0.162,147.750,0.000,0.1619,True,0.495,2.58
9.30,152.350,0.247,147.446,0.158,147.446,0.000,0.1583,True,0.495,3.14
9.33,152.017,0.240,147.143,0.155,147.143,0.000,0.1549,True,0.495,3.45
9.37,151.683,0.233,146.843,0.152,146.843,0.000,0.1518,True,0.495,3.24
9.40,151.350,0.226,146.544,0.149,146.544,0.000,0.1490,True,0.495,3.29
9.43,151.017,0.219,146.247,0.146,146.247,0.000,0.1465,True,0.495,2.58
9.47,150.684,0.213,145.952,0.144,145.952,0.000,0.1442,True,0.495,2.52
9.50,150.350,0.206,145.658,0.142,145.658,0.000,0.1422,True,0.495,3.85
9.53,150.017,0.200,145.366,0.140,145.366,0.000,0.1404,True,0.495,3.38
9.57,149.684,0.194,145.075,0.139,145.075,0.000,0.1389,True,0.495,3.45
9.60,149.350,0.188,144.787,0.138,144.787,0.000,0.1376,True,0.495,3.17
9.63,149.017,0.183,144.499,0.136,144.499,0.000,0.1364,True,0.495,3.37
9.67,148.684,0.177,144.214,0.135,144.214,0.000,0.1355,True,0.495,2.51
9.70,148.351,0.172,143.930,0.135,143.930,0.000,0.1347,True,0.495,3.21
9.73,148.017,0.167,143.647,0.134,143.647,0.000,0.1341,True,0.495,3.00
9.77,147.684,0.162,143.366,0.134,143.366,0.000,0.1337,True,0.495,2.55
9.80,147.351,0.157,143.087,0.133,143.087,0.000,0.1334,True,0.495,3.15
9.83,147.017,0.152,142.809,0.133,142.809,0.000,0.1333,True,0.495,3.84
9.87,146.684,0.147,142.533,0.133,142.533,0.000,0.1333,True,0.495,3.59
9.90,146.351,0.143,142.258,0.133,142.258,0.000,0.1334,True,0.495,3.64
9.93,146.018,0.139,141.985,0.134,141.985,0.000,0.1336,True,0.495,3.97
9.97,145.684,0.135,141.713,0.134,141.713,0.000,0.1339,True,0.495,3.18
10.00,145.351,0.131,141.443,0.134,141.443,0.000,0.1344,True,0.495,3.81
10.03,145.018,0.127,141.174,0.135,141.174,0.000,0.1349,True,0.495,3.13
10.07,144.684,0.123,140.907,0.135,140.907,0.000,0.1355,True,0.495,3.84
10.10,144.351,0.119,140.642,0.136,140.642,0.000,0.1362,True,0.495,3.85
10.13,144.018,0.116,140.378,0.137,140.378,0.000,0.1369,True,0.495,3.82
10.17,143.684,0.112,140.115,0.138,140.115,0.000,0.1377,True,0.495,3.10
10.20,143.351,0.109,139.854,0.139,139.854,0.000,0.1386,True,0.495,4.04
10.23,143.018,0.105,139.595,0.140,139.595,0.000,0.1395,True,0.495,3.21
10.27,142.684,0.102,139.337,0.141,139.337,0.000,0.1405,True,0.495,3.89
10.30,142.351,0.099,139.081,0.142,139.081,0.000,0.1415,True,0.495,4.08
10.33,142.018,0.096,138.826,0.143,138.826,0.000,0.1426,True,0.495,2.61
10.37,141.684,0.093,138.572,0.144,138.572,0.000,0.1437,True,0.495,5.53
10.40,141.351,0.091,138.320,0.145,138.320,0.000,0.1448,True,0.495,3.84
10.43,141.018,0.088,138.070,0.146,138.070,0.000,0.1460,True,0.495,3.72
10.47,140.684,0.085,137.821,0.147,137.821,0.000,0.1472,True,0.495,4.15
10.50,140.351,0.083,137.573,0.148,137.573,0.000,0.1484,True,0.495,3.52
10.53,140.018,0.080,137.327,0.150,137.327,0.000,0.1496,True,0.495,3.95
10.57,139.684,0.078,137.082,0.151,137.082,0.000,0.1509,True,0.495,5.41
10.60,139.351,0.075,136.839,0.152,136.839,0.000,0.1522,True,0.495,3.82
10.63,139.018,0.073,136.597,0.153,136.597,0.000,0.1535,True,0.495,4.06
10.67,138.685,0.071,136.357,0.155,136.357,0.000,0.1547,True,0.495,4.38
10.70,138.351,0.069,136.118,0.156,136.118,0.000,0.1561,True,0.495,3.23
10.73,138.018,0.067,135.881,0.157,135.881,0.000,0.1574,True,0.495,3.49
10.77,137.685,0.065,135.645,0.159,135.645,0.000,0.1587,True,0.495,3.71
10.80,137.351,0.063,135.410,0.160,135.410,0.000,0.1600,True,0.495,3.72
10.83,137.018,0.061,135.177,0.161,135.177,0.000,0.1614,True,0.495,4.04
10.87,136.685,0.059,134.945,0.163,134.945,0.000,0.1627,True,0.495,3.84
10.90,136.351,0.057,134.714,0.164,134.714,0.000,0.1640,True,0.495,4.61
10.93,136.018,0.056,134.485,0.165,134.485,0.000,0.1654,True,0.495,3.99
10.97,135.685,0.054,134.257,0.167,134.257,0.000,0.1667,True,0.495,3.74
11.00,135.351,0.052,134.031,0.168,134.031,0.000,0.1680,True,0.495,3.72
11.03,135.018,0.051,133.806,0.169,133.806,0.000,0.1694,True,0.495,3.59
11.07,134.685,0.049,133.582,0.171,133.582,0.000,0.1707,True,0.495,3.04
11.10,134.351,0.048,133.360,0.172,133.360,0.000,0.1720,True,0.495,3.24
11.13,134.018,0.046,133.139,0.173,133.139,0.000,0.1733,True,0.495,3.45
11.17,133.685,0.045,132.919,0.175,132.919,0.000,0.1746,True,0.495,3.88
11.20,133.351,0.044,132.701,0.176,132.701,0.000,0.1760,True,0.495,3.25
11.23,133.018,0.042,132.483,0.177,132.483,0.000,0.1773,True,0.495,3.85
11.27,132.685,0.041,132.268,0.179,132.268,0.000,0.1786,True,0.495,2.99
11.30,132.351,0.040,132.053,0.180,132.053,0.000,0.1798,True,0.495,4.13
11.33,132.018,0.039,131.840,0.181,131.840,0.000,0.1811,True,0.495,3.72
11.37,131.685,0.037,131.628,0.182,131.628,0.000,0.1824,True,0.495,2.72
11.40,131.351,0.036,131.418,0.184,131.418,0.000,0.1837,True,0.495,2.55
11.43,131.018,0.035,131.209,0.185,131.209,0.000,0.1849,True,0.495,3.34
11.47,130.685,0.034,131.001,0.186,131.001,0.000,0.1862,True,0.495,3.46
11.50,130.351,0.033,130.794,0.187,130.794,0.000,0.1874,True,0.495,3.20
11.53,130.018,0.032,130.589,0.189,130.589,0.000,0.1886,True,0.495,3.12
11.57,129.685,0.031,130.385,0.190,130.385,0.000,0.1898,True,0.495,3.45
11.60,129.351,0.030,130.182,0.191,130.182,0.000,0.1911,True,0.495,2.58
11.63,129.018,0.029,129.980,0.192,129.980,0.000,0.1923,True,0.495,3.18
11.67,128.685,0.028,129.780,0.193,129.780,0.000,0.1934,True,0.495,3.46
11.70,128.351,0.028,129.581,0.195,129.581,0.000,0.1946,True,0.495,3.58
11.73,128.018,0.027,129.383,0.196,129.383,0.000,0.1958,True,0.495,3.77
11.77,127.685,0.026,129.186,0.197,129.186,0.000,0.1969,True,0.495,3.75
11.80,127.351,0.025,128.991,0.198,128.991,0.000,0.1981,True,0.495,3.27
11.83,127.018,0.024,128.797,0.199,128.797,0.000,0.1992,True,0.495,3.21
11.87,126.685,0.024,128.604,0.200,128.604,0.000,0.2003,True,0.495,2.64
11.90,126.351,0.023,128.412,0.201,128.412,0.000,0.2015,True,0.495,3.43
11.93,126.018,0.022,128.222,0.203,128.222,0.000,0.2026,True,0.495,3.29
11.97,125.685,0.022,128.032,0.204,128.032,0.000,0.2036,True,0.495,3.95
12.00,125.351,0.021,127.844,0.205,127.844,0.000,0.2047,True,0.495,3.89
12.03,125.018,0.020,127.657,0.206,127.657,0.000,0.2058,True,0.495,3.48
12.07,124.685,0.020,127.472,0.207,127.472,0.000,0.2069,True,0.495,3.80
12.10,124.351,0.019,127.287,0.208,127.287,0.000,0.2079,True,0.495,3.50
12.13,124.018,0.019,127.104,0.209,127.104,0.000,0.2089,True,0.495,3.38
12.17,123.685,0.018,126.922,0.210,126.922,0.000,0.2100,True,0.495,3.32
12.20,123.351,0.017,126.741,0.211,126.741,0.000,0.2110,True,0.495,3.71
12.23,123.018,0.017,126.561,0.212,126.561,0.000,0.2120,True,0.495,3.39
12.27,122.685,0.016,126.383,0.213,126.383,0.000,0.2130,True,0.495,3.94
12.30,122.351,0.016,126.205,0.214,126.205,0.000,0.2139,True,0.495,3.96
12.33,122.018,0.015,126.029,0.215,126.029,0.000,0.2149,True,0.495,3.84
12.37,121.685,0.015,125.854,0.216,125.854,0.000,0.2159,True,0.495,3.24
12.40,121.351,0.015,125.680,0.217,125.680,0.000,0.2168,True,0.495,3.27
12.43,121.018,0.014,125.507,0.218,125.507,0.000,0.2177,True,0.495,3.42
12.47,120.685,0.014,125.336,0.219,125.336,0.000,0.2187,True,0.495,3.21
12.50,120.351,0.013,125.165,0.220,125.165,0.000,0.2196,True,0.495,3.27
12.53,120.018,0.013,124.996,0.220,124.996,0.000,0.2205,True,0.495,3.33
12.57,119.685,0.013,124.827,0.221,124.827,0.000,0.2214,True,0.495,3.85
12.60,119.351,0.012,124.660,0.222,124.660,0.000,0.2222,True,0.495,3.37
12.63,119.018,0.012,124.494,0.223,124.494,0.000,0.2231,True,0.495,3.67
12.67,118.685,0.011,124.329,0.224,124.329,0.000,0.2239,True,0.495,4.06
12.70,118.351,0.011,124.165,0.225,124.165,0.000,0.2248,True,0.495,3.68
12.73,118.018,0.011,124.003,0.226,124.003,0.000,0.2256,True,0.495,3.81
12.77,117.685,0.010,123.841,0.226,123.841,0.000,0.2264,True,0.495,3.81
12.80,117.351,0.010,123.680,0.227,123.680,0.000,0.2273,True,0.495,3.65
12.83,117.018,0.010,123.521,0.228,123.521,0.000,0.2281,True,0.495,3.90
12.87,116.685,0.010,123.363,0.229,123.363,0.000,0.2289,True,0.495,3.82
12.90,116.351,0.009,123.205,0.230,123.205,0.000,0.2296,True,0.495,3.52
12.93,116.018,0.009,123.049,0.230,123.049,0.000,0.2304,True,0.495,3.94
12.97,115.685,0.009,122.894,0.231,122.894,0.000,0.2312,True,0.495,3.90
13.00,115.351,0.008,122.740,0.232,122.740,0.000,0.2319,True,0.495,3.13
13.03,115.018,0.008,122.587,0.233,122.587,0.000,0.2326,True,0.495,3.45
13.07,114.685,0.008,122.435,0.233,122.435,0.000,0.2334,True,0.495,3.37
13.10,114.351,0.008,122.284,0.234,122.284,0.000,0.2341,True,0.495,3.99
13.13,114.018,0.007,122.134,0.235,122.134,0.000,0.2348,True,0.495,3.48
13.17,113.685,0.007,121.985,0.235,121.985,0.000,0.2355,True,0.495,3.45
13.20,113.351,0.007,121.837,0.236,121.837,0.000,0.2362,True,0.495,3.00
13.23,113.018,0.007,121.690,0.237,121.690,0.000,0.2368,True,0.495,3.15
13.27,112.685,0.007,121.544,0.238,121.544,0.000,0.2375,True,0.495,3.26
13.30,112.351,0.006,121.399,0.238,121.399,0.000,0.2382,True,0.495,4.25
13.33,112.018,0.006,121.256,0.239,121.256,0.000,0.2388,True,0.495,3.91
13.37,111.685,0.006,121.113,0.239,121.113,0.000,0.2394,True,0.495,3.73
13.40,111.351,0.006,120.971,0.240,120.971,0.000,0.2401,True,0.495,3.86
13.43,111.018,0.006,120.830,0.241,120.830,0.000,0.2407,True,0.495,3.13
13.47,110.685,0.005,120.690,0.241,120.690,0.000,0.2413,True,0.495,3.60
13.50,110.351,0.005,120.551,0.242,120.551,0.000,0.2419,True,0.495,3.74
13.53,110.018,0.005,120.413,0.242,120.413,0.000,0.2425,True,0.495,3.87
13.57,109.685,0.005,120.276,0.243,120.276,0.000,0.2430,True,0.495,3.35
13.60,109.351,0.005,120.140,0.244,120.140,0.000,0.2436,True,0.495,3.98
13.63,109.018,0.005,120.005,0.244,120.005,0.000,0.2441,True,0.495,3.19
13.67,108.685,0.005,119.871,0.245,119.871,0.000,0.2447,True,0.495,4.45
13.70,108.351,0.004,119.738,0.245,119.738,0.000,0.2452,True,0.495,4.27
13.73,108.018,0.004,119.606,0.246,119.606,0.000,0.2457,True,0.495,3.72
13.77,107.685,0.004,119.475,0.246,119.475,0.000,0.2463,True,0.495,3.42
13.80,107.351,0.004,119.344,0.247,119.344,0.000,0.2468,True,0.495,4.17
13.83,107.018,0.004,119.215,0.247,119.215,0.000,0.2473,True,0.495,3.05
13.87,106.685,0.004,119.086,0.248,119.086,0.000,0.2478,True,0.495,3.74
13.90,106.351,0.004,118.959,0.248,118.959,0.000,0.2482,True,0.495,4.56
13.93,106.018,0.004,118.832,0.249,118.832,0.000,0.2487,True,0.495,2.64
13.97,105.685,0.003,118.706,0.249,118.706,0.000,0.2492,True,0.495,3.23
14.00,105.351,0.003,118.581,0.250,118.581,0.000,0.2496,True,0.495,3.76
14.03,105.018,0.003,118.457,0.250,118.457,0.000,0.2501,True,0.495,2.70
14.07,104.685,0.003,118.334,0.250,118.334,0.000,0.2505,True,0.495,2.64
14.10,104.351,0.003,118.212,0.251,118.212,0.000,0.2509,True,0.495,3.18
14.13,104.018,0.003,118.091,0.251,118.091,0.000,0.2513,True,0.495,3.82
14.17,103.685,0.003,117.970,0.252,117.970,0.000,0.2517,True,0.495,3.86
14.20,103.351,0.003,117.850,0.252,117.850,0.000,0.2521,True,0.495,3.59
14.23,103.018,0.003,117.732,0.253,117.732,0.000,0.2525,True,0.495,3.76
14.27,102.685,0.003,117.614,0.253,117.614,0.000,0.2529,True,0.495,3.85
14.30,102.351,0.003,117.497,0.253,117.497,0.000,0.2533,True,0.495,3.20
14.33,102.018,0.002,117.380,0.254,117.380,0.000,0.2536,True,0.495,3.81
14.37,101.685,0.002,117.265,0.254,117.265,0.000,0.2540,True,0.495,3.21
14.40,101.351,0.002,117.150,0.254,117.150,0.000,0.2543,True,0.495,3.22
14.43,101.018,0.002,117.037,0.255,117.037,0.000,0.2547,True,0.495,3.03
14.47,100.685,0.002,116.924,0.255,116.924,0.000,0.2550,True,0.495,2.85
14.50,100.351,0.002,116.812,0.255,116.812,0.000,0.2553,True,0.495,2.78
14.53,100.018,0.002,116.700,0.256,116.700,0.000,0.2556,True,0.495,3.13
14.57,99.685,0.002,116.590,0.256,116.590,0.000,0.2559,True,0.495,3.88
14.60,99.351,0.002,116.480,0.256,116.480,0.000,0.2562,True,0.495,3.01
14.63,99.018,0.002,116.371,0.257,116.371,0.000,0.2565,True,0.495,3.28
14.67,98.685,0.002,116.263,0.257,116.263,0.000,0.2568,True,0.495,3.20
14.70,98.351,0.002,116.156,0.257,116.156,0.000,0.2571,True,0.495,2.75
14.73,98.018,0.002,116.049,0.257,116.049,0.000,0.2573,True,0.495,3.14
14.77,97.685,0.002,115.944,0.258,115.944,0.000,0.2576,True,0.495,3.17
14.80,97.351,0.002,115.839,0.258,115.839,0.000,0.2578,True,0.495,4.30
14.83,97.018,0.002,115.734,0.258,115.734,0.000,0.2581,True,0.495,3.96
14.87,96.685,0.002,115.631,0.258,115.631,0.000,0.2583,True,0.495,3.98
14.90,96.351,0.001,115.528,0.259,115.528,0.000,0.2585,True,0.495,4.10
14.93,96.018,0.001,115.426,0.259,115.426,0.000,0.2587,True,0.495,4.23
14.97,95.685,0.001,115.325,0.259,115.325,0.000,0.2589,True,0.495,3.97
15.00,95.351,0.001,115.224,0.259,115.224,0.000,0.2591,True,0.495,3.23
15.03,95.018,0.001,115.125,0.259,115.125,0.000,0.2593,True,0.495,4.08
15.07,94.685,0.001,115.025,0.260,115.025,0.000,0.2595,True,0.495,4.21
15.10,94.351,0.001,114.927,0.260,114.927,0.000,0.2597,True,0.495,3.43
15.13,94.018,0.001,114.830,0.260,114.830,0.000,0.2599,True,0.495,3.41
15.17,93.685,0.001,114.733,0.260,114.733,0.000,0.2600,True,0.495,3.80
15.20,93.351,0.001,114.636,0.260,114.636,0.000,0.2602,True,0.495,3.49
15.23,93.018,0.001,114.541,0.260,114.541,0.000,0.2603,True,0.495,3.34
15.27,92.685,0.001,114.446,0.260,114.446,0.000,0.2605,True,0.495,2.85
15.30,92.351,0.001,114.352,0.261,114.352,0.000,0.2606,True,0.495,3.43
15.33,92.018,0.001,114.259,0.261,114.259,0.000,0.2607,True,0.495,3.92
15.37,91.685,0.001,114.166,0.261,114.166,0.000,0.2608,True,0.495,3.08
15.40,91.351,0.001,114.074,0.261,114.074,0.000,0.2609,True,0.495,3.63
15.43,91.018,0.001,113.983,0.261,113.983,0.000,0.2610,True,0.495,3.00
15.47,90.685,0.001,113.892,0.261,113.892,0.000,0.2611,True,0.495,3.00
15.50,90.351,0.001,113.802,0.261,113.802,0.000,0.2612,True,0.495,3.45
15.53,90.018,0.001,113.713,0.261,113.713,0.000,0.2613,True,0.495,2.68
15.57,89.685,0.001,113.624,0.261,113.624,0.000,0.2614,True,0.495,3.26
15.60,89.351,0.001,113.536,0.261,113.536,0.000,0.2614,True,0.495,3.38
15.63,89.018,0.001,113.448,0.261,113.448,0.000,0.2615,True,0.495,3.97
15.67,88.685,0.001,113.362,0.262,113.362,0.000,0.2615,True,0.495,3.35
15.70,88.351,0.001,113.275,0.262,113.275,0.000,0.2616,True,0.495,3.65
15.73,88.018,0.001,113.190,0.262,113.190,0.000,0.2616,True,0.495,3.31
15.77,87.685,0.001,113.105,0.262,113.105,0.000,0.2616,True,0.495,3.29
15.80,87.351,0.001,113.021,0.262,113.021,0.000,0.2617,True,0.495,3.42
15.83,87.018,0.001,112.937,0.262,112.937,0.000,0.2617,True,0.495,3.15
15.87,86.685,0.001,112.854,0.262,112.854,0.000,0.2617,True,0.495,3.77
15.90,86.351,0.001,112.772,0.262,112.772,0.000,0.2617,True,0.495,3.83
