time,v2v_conflict,ai_conflict,fused_conflict,ai_prediction_available,v2v_prediction_available,ai_predicted_x,ai_predicted_y,ttc,risk_state,vehicle_a_action
0.00,False,False,False,False,False,,,inf,NONE,Monitor cautiously
0.03,False,False,False,False,False,,,inf,NONE,Monitor cautiously
0.07,False,False,False,False,False,,,inf,NONE,Monitor cautiously
0.10,False,False,False,False,False,,,inf,NONE,Monitor cautiously
0.13,False,False,False,False,False,,,inf,NONE,Monitor cautiously
0.17,False,False,False,False,False,,,inf,NONE,Monitor cautiously
0.20,False,False,False,False,False,,,inf,NONE,Monitor cautiously
0.23,False,False,False,False,False,,,inf,NONE,Monitor cautiously
0.27,False,False,False,False,False,,,inf,NONE,Monitor cautiously
0.30,False,False,False,False,False,,,inf,NONE,Monitor cautiously
0.33,False,False,False,False,False,,,inf,NONE,Monitor cautiously
0.37,False,False,False,False,False,,,inf,NONE,Monitor cautiously
0.40,False,False,False,False,False,,,inf,NONE,Monitor cautiously
0.43,False,False,False,False,False,,,inf,NONE,Monitor cautiously
0.47,False,False,False,False,False,,,inf,NONE,Monitor cautiously
0.50,False,False,False,False,False,,,inf,NONE,Monitor cautiously
0.53,False,False,False,False,False,,,inf,NONE,Monitor cautiously
0.57,False,False,False,False,False,,,inf,NONE,Monitor cautiously
0.60,False,False,False,False,False,,,inf,NONE,Monitor cautiously
0.63,False,False,False,False,False,,,inf,NONE,Monitor cautiously
0.67,False,False,False,False,False,,,inf,NONE,Monitor cautiously
0.70,False,False,False,False,False,,,inf,NONE,Monitor cautiously
0.73,False,False,False,False,False,,,inf,NONE,Monitor cautiously
0.77,False,False,False,False,False,,,inf,NONE,Monitor cautiously
0.80,False,False,False,False,False,,,inf,NONE,Monitor cautiously
0.83,False,False,False,False,False,,,inf,NONE,Monitor cautiously
0.87,False,False,False,False,False,,,inf,NONE,Monitor cautiously
0.90,False,False,False,False,False,,,inf,NONE,Monitor cautiously
0.93,False,False,False,False,False,,,inf,NONE,Monitor cautiously
0.97,False,False,False,True,False,230.368,3.972,inf,NONE,Monitor cautiously
1.00,False,False,False,True,False,230.034,3.972,inf,NONE,Monitor cautiously
1.03,False,False,False,True,False,229.700,3.973,inf,NONE,Monitor cautiously
1.07,False,False,False,True,False,229.366,3.973,inf,NONE,Monitor cautiously
1.10,False,False,False,True,False,229.033,3.973,inf,NONE,Monitor cautiously
1.13,False,False,False,True,False,228.700,3.973,inf,NONE,Monitor cautiously
1.17,False,False,False,True,False,228.368,3.974,inf,NONE,Monitor cautiously
1.20,False,False,False,True,False,228.036,3.974,inf,NONE,Monitor cautiously
1.23,False,False,False,True,False,227.704,3.974,inf,NONE,Monitor cautiously
1.27,False,False,False,True,False,227.372,3.975,inf,NONE,Monitor cautiously
1.30,False,False,False,True,False,227.041,3.975,inf,NONE,Monitor cautiously
1.33,False,False,False,True,False,226.710,3.975,inf,NONE,Monitor cautiously
1.37,False,False,False,True,False,226.379,3.976,inf,NONE,Monitor cautiously
1.40,False,False,False,True,False,226.048,3.976,inf,NONE,Monitor cautiously
1.43,False,False,False,True,False,225.717,3.976,inf,NONE,Monitor cautiously
1.47,False,False,False,True,False,225.387,3.977,inf,NONE,Monitor cautiously
1.50,False,False,False,True,False,225.056,3.977,inf,NONE,Monitor cautiously
1.53,False,False,False,True,False,224.726,3.977,inf,NONE,Monitor cautiously
1.57,False,False,False,True,False,224.396,3.978,inf,NONE,Monitor cautiously
1.60,False,False,False,True,False,224.065,3.978,inf,NONE,Monitor cautiously
1.63,False,False,False,True,False,223.735,3.978,inf,NONE,Monitor cautiously
1.67,False,False,False,True,False,223.405,3.979,inf,NONE,Monitor cautiously
1.70,False,False,False,True,False,223.075,3.979,inf,NONE,Monitor cautiously
1.73,False,False,False,True,False,222.745,3.979,inf,NONE,Monitor cautiously
1.77,False,False,False,True,False,222.415,3.980,inf,NONE,Monitor cautiously
1.80,False,False,False,True,False,222.084,3.980,inf,NONE,Monitor cautiously
1.83,False,False,False,True,False,221.754,3.980,inf,NONE,Monitor cautiously
1.87,False,False,False,True,False,221.424,3.980,inf,NONE,Monitor cautiously
1.90,False,False,False,True,False,221.093,3.981,inf,NONE,Monitor cautiously
1.93,False,False,False,True,False,220.762,3.981,inf,NONE,Monitor cautiously
1.97,False,False,False,True,False,220.431,3.981,inf,NONE,Monitor cautiously
2.00,False,False,False,True,False,220.100,3.981,inf,NONE,Monitor cautiously
2.03,False,False,False,True,False,219.769,3.981,inf,NONE,Monitor cautiously
2.07,False,False,False,True,False,219.438,3.981,inf,NONE,Monitor cautiously
2.10,False,False,False,True,False,219.106,3.981,inf,NONE,Monitor cautiously
2.13,False,False,False,True,False,218.775,3.981,inf,NONE,Monitor cautiously
2.17,False,False,False,True,False,218.443,3.982,inf,NONE,Monitor cautiously
2.20,False,False,False,True,False,218.111,3.982,inf,NONE,Monitor cautiously
2.23,False,False,False,True,False,217.778,3.982,inf,NONE,Monitor cautiously
2.27,False,False,False,True,False,217.446,3.982,inf,NONE,Monitor cautiously
2.30,False,False,False,True,False,217.113,3.981,inf,NONE,Monitor cautiously
2.33,False,False,False,True,False,216.780,3.981,inf,NONE,Monitor cautiously
2.37,False,False,False,True,False,216.446,3.981,inf,NONE,Monitor cautiously
2.40,False,False,False,True,False,216.113,3.981,inf,NONE,Monitor cautiously
2.43,False,False,False,True,False,215.779,3.981,inf,NONE,Monitor cautiously
2.47,False,False,False,True,False,215.445,3.981,inf,NONE,Monitor cautiously
2.50,False,False,False,True,False,215.110,3.981,inf,NONE,Monitor cautiously
2.53,False,False,False,True,False,214.776,3.980,inf,NONE,Monitor cautiously
2.57,False,False,False,True,False,214.441,3.980,inf,NONE,Monitor cautiously
2.60,False,False,False,True,False,214.106,3.980,inf,NONE,Monitor cautiously
2.63,False,False,False,True,False,213.770,3.979,inf,NONE,Monitor cautiously
2.67,False,False,False,True,False,213.434,3.979,inf,NONE,Monitor cautiously
2.70,False,False,False,True,False,213.099,3.979,inf,NONE,Monitor cautiously
2.73,False,False,False,True,False,212.762,3.978,inf,NONE,Monitor cautiously
2.77,False,False,False,True,False,212.426,3.978,inf,NONE,Monitor cautiously
2.80,False,False,False,True,False,212.089,3.977,inf,NONE,Monitor cautiously
2.83,False,False,False,True,False,211.752,3.977,inf,NONE,Monitor cautiously
2.87,False,False,False,True,False,211.415,3.976,inf,NONE,Monitor cautiously
2.90,False,False,False,True,False,211.078,3.976,inf,NONE,Monitor cautiously
2.93,False,False,False,True,False,210.740,3.975,inf,NONE,Monitor cautiously
2.97,False,False,False,True,False,210.403,3.975,inf,NONE,Monitor cautiously
3.00,False,False,False,True,False,210.065,3.974,inf,NONE,Monitor cautiously
3.03,False,False,False,True,False,209.727,3.973,inf,NONE,Monitor cautiously
3.07,False,False,False,True,False,209.389,3.973,inf,NONE,Monitor cautiously
3.10,False,False,False,True,False,209.050,3.972,inf,NONE,Monitor cautiously
3.13,False,False,False,True,False,208.712,3.971,inf,NONE,Monitor cautiously
3.17,False,False,False,True,False,208.373,3.971,inf,NONE,Monitor cautiously
3.20,False,False,False,True,False,208.034,3.970,inf,NONE,Monitor cautiously
3.23,False,False,False,True,False,207.695,3.969,inf,NONE,Monitor cautiously
3.27,False,False,False,True,False,207.356,3.969,inf,NONE,Monitor cautiously
3.30,False,False,False,True,False,207.017,3.968,inf,NONE,Monitor cautiously
3.33,False,False,False,True,False,206.678,3.967,inf,NONE,Monitor cautiously
3.37,False,False,False,True,False,206.339,3.967,inf,NONE,Monitor cautiously
3.40,False,False,False,True,False,206.000,3.966,inf,NONE,Monitor cautiously
3.43,False,False,False,True,False,205.662,3.965,inf,NONE,Monitor cautiously
3.47,False,False,False,True,False,205.323,3.965,inf,NONE,Monitor cautiously
3.50,False,False,False,True,False,204.984,3.964,inf,NONE,Monitor cautiously
3.53,False,False,False,True,False,204.645,3.964,inf,NONE,Monitor cautiously
3.57,False,False,False,True,False,204.307,3.963,inf,NONE,Monitor cautiously
3.60,False,False,False,True,False,203.969,3.963,inf,NONE,Monitor cautiously
3.63,False,False,False,True,False,203.631,3.963,inf,NONE,Monitor cautiously
3.67,False,False,False,True,False,203.293,3.962,inf,NONE,Monitor cautiously
3.70,False,False,False,True,False,202.956,3.962,inf,NONE,Monitor cautiously
3.73,False,False,False,True,False,202.619,3.962,inf,NONE,Monitor cautiously
3.77,False,False,False,True,False,202.282,3.962,inf,NONE,Monitor cautiously
3.80,False,False,False,True,False,201.946,3.962,inf,NONE,Monitor cautiously
3.83,False,False,False,True,False,201.610,3.963,inf,NONE,Monitor cautiously
3.87,False,False,False,True,False,201.275,3.963,inf,NONE,Monitor cautiously
3.90,False,False,False,True,False,200.940,3.963,inf,NONE,Monitor cautiously
3.93,False,False,False,True,False,200.606,3.963,inf,NONE,Monitor cautiously
3.97,False,False,False,True,False,200.273,3.964,inf,NONE,Monitor cautiously
4.00,False,False,False,True,False,199.940,3.964,inf,NONE,Monitor cautiously
4.03,False,False,False,True,False,199.608,3.964,inf,NONE,Monitor cautiously
4.07,False,False,False,True,False,199.277,3.964,inf,NONE,Monitor cautiously
4.10,False,False,False,True,False,198.947,3.964,inf,NONE,Monitor cautiously
4.13,False,False,False,True,False,198.617,3.963,inf,NONE,Monitor cautiously
4.17,False,False,False,True,False,198.288,3.962,inf,NONE,Monitor cautiously
4.20,False,False,False,True,False,197.960,3.960,inf,NONE,Monitor cautiously
4.23,False,False,False,True,False,197.632,3.958,inf,NONE,Monitor cautiously
4.27,False,False,False,True,False,197.305,3.955,inf,NONE,Monitor cautiously
4.30,False,False,False,True,False,196.979,3.952,inf,NONE,Monitor cautiously
4.33,False,False,False,True,False,196.653,3.948,inf,NONE,Monitor cautiously
4.37,False,False,False,True,False,196.327,3.943,inf,NONE,Monitor cautiously
4.40,False,False,False,True,False,196.002,3.938,inf,NONE,Monitor cautiously
4.43,False,False,False,True,False,195.676,3.932,inf,NONE,Monitor cautiously
4.47,False,False,False,True,False,195.350,3.926,inf,NONE,Monitor cautiously
4.50,False,False,False,True,False,195.024,3.919,inf,NONE,Monitor cautiously
4.53,False,False,False,True,False,194.698,3.911,inf,NONE,Monitor cautiously
4.57,False,False,False,True,False,194.371,3.904,inf,NONE,Monitor cautiously
4.60,False,False,False,True,False,194.043,3.896,inf,NONE,Monitor cautiously
4.63,False,False,False,True,False,193.715,3.888,inf,NONE,Monitor cautiously
4.67,False,False,False,True,False,193.386,3.881,inf,NONE,Monitor cautiously
4.70,False,False,False,True,False,193.057,3.873,inf,NONE,Monitor cautiously
4.73,False,False,False,True,False,192.728,3.866,inf,NONE,Monitor cautiously
4.77,False,False,False,True,False,192.397,3.859,inf,NONE,Monitor cautiously
4.80,False,False,False,True,False,192.066,3.853,inf,NONE,Monitor cautiously
4.83,False,False,False,True,False,191.735,3.847,inf,NONE,Monitor cautiously
4.87,False,False,False,True,False,191.403,3.841,inf,NONE,Monitor cautiously
4.90,False,False,False,True,False,191.070,3.836,inf,NONE,Monitor cautiously
4.93,False,False,False,True,False,190.736,3.832,inf,NONE,Monitor cautiously
4.97,False,False,False,True,False,190.403,3.828,inf,NONE,Monitor cautiously
5.00,False,False,False,True,False,190.068,3.825,inf,NONE,Monitor cautiously
5.03,False,False,False,True,False,189.733,3.823,inf,NONE,Monitor cautiously
5.07,False,False,False,True,False,189.398,3.821,inf,NONE,Monitor cautiously
5.10,False,False,False,True,False,189.062,3.819,inf,NONE,Monitor cautiously
5.13,False,False,False,True,False,188.725,3.818,inf,NONE,Monitor cautiously
5.17,False,False,False,True,False,188.387,3.818,inf,NONE,Monitor cautiously
5.20,False,False,False,True,False,188.049,3.818,inf,NONE,Monitor cautiously
5.23,False,False,False,True,False,187.710,3.818,inf,NONE,Monitor cautiously
5.27,False,False,False,True,False,187.371,3.817,inf,NONE,Monitor cautiously
5.30,False,False,False,True,False,187.031,3.817,inf,NONE,Monitor cautiously
5.33,False,False,False,True,False,186.690,3.817,inf,NONE,Monitor cautiously
5.37,False,False,False,True,False,186.349,3.816,inf,NONE,Monitor cautiously
5.40,False,False,False,True,False,186.007,3.815,inf,NONE,Monitor cautiously
5.43,False,False,False,True,False,185.665,3.813,inf,NONE,Monitor cautiously
5.47,False,False,False,True,False,185.322,3.811,inf,NONE,Monitor cautiously
5.50,False,False,False,True,False,184.979,3.808,inf,NONE,Monitor cautiously
5.53,False,False,False,True,False,184.635,3.804,inf,NONE,Monitor cautiously
5.57,False,False,False,True,False,184.291,3.800,inf,NONE,Monitor cautiously
5.60,False,False,False,True,False,183.947,3.796,inf,NONE,Monitor cautiously
5.63,False,False,False,True,False,183.603,3.790,inf,NONE,Monitor cautiously
5.67,False,False,False,True,False,183.258,3.784,inf,NONE,Monitor cautiously
5.70,False,False,False,True,False,182.914,3.778,inf,NONE,Monitor cautiously
5.73,False,False,False,True,False,182.570,3.770,inf,NONE,Monitor cautiously
5.77,False,False,False,True,False,182.226,3.762,inf,NONE,Monitor cautiously
5.80,False,False,False,True,False,181.882,3.752,inf,NONE,Monitor cautiously
5.83,False,False,False,True,False,181.539,3.742,inf,NONE,Monitor cautiously
5.87,False,False,False,True,False,181.197,3.731,inf,NONE,Monitor cautiously
5.90,False,False,False,True,False,180.856,3.719,inf,NONE,Monitor cautiously
5.93,False,False,False,True,False,180.516,3.706,inf,NONE,Monitor cautiously
5.97,False,False,False,True,False,180.176,3.691,inf,NONE,Monitor cautiously
6.00,False,False,False,True,False,179.838,3.676,inf,NONE,Monitor cautiously
6.03,False,False,False,True,False,179.501,3.660,inf,NONE,Monitor cautiously
6.07,False,False,False,True,False,179.166,3.643,inf,NONE,Monitor cautiously
6.10,False,False,False,True,False,178.832,3.625,inf,NONE,Monitor cautiously
6.13,False,False,False,True,False,178.499,3.606,inf,NONE,Monitor cautiously
6.17,False,False,False,True,False,178.168,3.586,inf,NONE,Monitor cautiously
6.20,True,False,True,True,True,177.839,3.565,1.97,CRITICAL,Emergency braking
6.23,True,False,True,True,True,177.610,2.593,1.96,CRITICAL,Monitor cautiously
6.27,True,False,True,True,True,177.620,2.485,1.95,CRITICAL,Monitor cautiously
6.30,True,False,True,True,True,176.994,2.415,1.93,CRITICAL,Monitor cautiously
6.33,True,False,True,True,True,176.785,2.356,1.88,CRITICAL,Monitor cautiously
6.37,True,False,True,True,True,176.485,2.283,1.87,CRITICAL,Monitor cautiously
6.40,True,False,True,True,True,176.090,2.214,1.86,CRITICAL,Monitor cautiously
6.43,True,False,True,True,True,175.707,2.148,1.85,CRITICAL,Monitor cautiously
6.47,True,False,True,True,True,175.352,2.082,1.79,CRITICAL,Monitor cautiously
6.50,True,False,True,True,True,175.019,2.020,1.78,CRITICAL,Monitor cautiously
6.53,True,True,True,True,True,174.700,1.959,1.77,CRITICAL,Monitor cautiously
6.57,True,True,True,True,True,174.388,1.901,1.76,CRITICAL,Monitor cautiously
6.60,True,True,True,True,True,174.078,1.846,1.70,CRITICAL,Monitor cautiously
6.63,True,True,True,True,True,173.768,1.792,1.69,CRITICAL,Monitor cautiously
6.67,True,True,True,True,True,173.452,1.739,1.68,CRITICAL,Monitor cautiously
6.70,True,True,True,True,True,173.130,1.688,1.66,CRITICAL,Monitor cautiously
6.73,True,True,True,True,True,172.801,1.637,1.61,CRITICAL,Monitor cautiously
6.77,True,True,True,True,True,172.465,1.588,1.59,CRITICAL,Monitor cautiously
6.80,True,True,True,True,True,172.127,1.540,1.58,CRITICAL,Monitor cautiously
6.83,True,True,True,True,True,171.789,1.493,1.57,CRITICAL,Monitor cautiously
6.87,True,True,True,True,True,171.456,1.448,1.51,CRITICAL,Monitor cautiously
6.90,True,True,True,True,True,171.129,1.404,1.50,CRITICAL,Monitor cautiously
6.93,True,True,True,True,True,170.809,1.362,1.49,CRITICAL,Monitor cautiously
6.97,True,True,True,True,True,170.490,1.319,1.48,CRITICAL,Monitor cautiously
7.00,True,True,True,True,True,170.176,1.278,1.42,CRITICAL,Monitor cautiously
7.03,True,True,True,True,True,169.945,1.244,1.40,CRITICAL,Monitor cautiously
7.07,True,True,True,True,True,169.776,1.213,1.39,CRITICAL,Monitor cautiously
7.10,True,True,True,True,True,169.524,1.175,1.38,CRITICAL,Monitor cautiously
7.13,True,True,True,True,True,169.210,1.137,1.32,CRITICAL,Monitor cautiously
7.17,True,True,True,True,True,168.875,1.100,1.31,CRITICAL,Monitor cautiously
7.20,True,True,True,True,True,168.570,1.068,1.30,CRITICAL,Monitor cautiously
7.23,True,True,True,True,True,168.302,1.042,1.28,CRITICAL,Monitor cautiously
7.27,True,True,True,True,True,167.986,1.013,1.22,CRITICAL,Monitor cautiously
7.30,True,True,True,True,True,167.645,0.981,1.21,CRITICAL,Monitor cautiously
7.33,True,True,True,True,True,167.308,0.950,1.20,CRITICAL,Monitor cautiously
7.37,True,True,True,True,True,166.965,0.921,1.18,CRITICAL,Monitor cautiously
7.40,True,True,True,True,True,166.615,0.895,1.12,CRITICAL,Monitor cautiously
7.43,True,True,True,True,True,166.259,0.869,1.11,CRITICAL,Monitor cautiously
7.47,True,True,True,True,True,165.901,0.845,1.09,CRITICAL,Monitor cautiously
7.50,True,True,True,True,True,165.544,0.822,1.08,CRITICAL,Monitor cautiously
7.53,True,True,True,True,True,165.188,0.799,1.01,CRITICAL,Monitor cautiously
7.57,True,True,True,True,True,164.835,0.777,1.00,CRITICAL,Monitor cautiously
7.60,True,True,True,True,True,164.485,0.756,0.99,CRITICAL,Monitor cautiously
7.63,True,True,True,True,True,164.137,0.735,0.98,CRITICAL,Monitor cautiously
7.67,True,True,True,True,True,163.792,0.714,0.91,CRITICAL,Monitor cautiously
7.70,True,True,True,True,True,163.449,0.694,0.90,CRITICAL,Monitor cautiously
7.73,True,True,True,True,True,163.107,0.674,0.89,CRITICAL,Monitor cautiously
7.77,True,True,True,True,True,162.767,0.655,0.87,CRITICAL,Monitor cautiously
7.80,True,True,True,True,True,162.427,0.635,0.80,CRITICAL,Monitor cautiously
7.83,True,True,True,True,True,162.087,0.617,0.79,CRITICAL,Monitor cautiously
7.87,True,True,True,True,True,161.746,0.598,0.78,CRITICAL,Monitor cautiously
7.90,True,True,True,True,True,161.401,0.580,0.76,CRITICAL,Monitor cautiously
7.93,True,True,True,True,True,161.048,0.562,0.69,CRITICAL,Monitor cautiously
7.97,True,True,True,True,True,160.697,0.545,0.68,CRITICAL,Monitor cautiously
8.00,True,True,True,True,True,160.315,0.525,0.67,CRITICAL,Monitor cautiously
8.03,True,True,True,True,True,160.006,0.512,0.61,CRITICAL,Monitor cautiously
8.07,True,True,True,True,True,159.693,0.499,0.59,CRITICAL,Monitor cautiously
8.10,True,True,True,True,True,159.375,0.486,0.58,CRITICAL,Monitor cautiously
8.13,True,True,True,True,True,159.052,0.473,0.57,CRITICAL,Monitor cautiously
8.17,True,True,True,True,True,158.726,0.461,0.49,CRITICAL,Monitor cautiously
8.20,True,True,True,True,True,158.395,0.448,0.48,CRITICAL,Monitor cautiously
8.23,True,True,True,True,True,158.061,0.436,0.46,CRITICAL,Monitor cautiously
8.27,True,True,True,True,True,157.724,0.423,0.45,CRITICAL,Monitor cautiously
8.30,True,True,True,True,True,157.384,0.411,0.37,CRITICAL,Monitor cautiously
8.33,True,True,True,True,True,157.042,0.399,0.36,CRITICAL,Monitor cautiously
8.37,True,True,True,True,True,156.698,0.387,0.34,CRITICAL,Monitor cautiously
8.40,True,True,True,True,True,156.353,0.375,0.33,CRITICAL,Monitor cautiously
8.43,True,True,True,True,True,156.006,0.363,0.25,CRITICAL,Monitor cautiously
8.47,True,True,True,True,True,155.659,0.351,0.23,CRITICAL,Monitor cautiously
8.50,True,True,True,True,True,155.312,0.340,0.22,CRITICAL,Monitor cautiously
8.53,True,True,True,True,True,154.964,0.328,0.21,CRITICAL,Monitor cautiously
8.57,True,True,True,True,True,154.618,0.317,0.12,CRITICAL,Monitor cautiously
8.60,True,True,True,True,True,154.272,0.307,0.11,CRITICAL,Monitor cautiously
8.63,True,True,True,True,True,153.927,0.296,0.09,CRITICAL,Monitor cautiously
8.67,True,True,True,True,True,153.584,0.286,0.08,CRITICAL,Monitor cautiously
8.70,True,True,True,True,True,153.242,0.276,inf,SAFE,Monitor cautiously
8.73,True,True,True,True,True,152.901,0.267,inf,SAFE,Monitor cautiously
8.77,True,True,True,True,True,152.563,0.258,inf,SAFE,Monitor cautiously
8.80,True,True,True,True,True,152.227,0.249,inf,SAFE,Monitor cautiously
8.83,True,True,True,True,True,151.893,0.240,inf,SAFE,Monitor cautiously
8.87,True,True,True,True,True,151.561,0.232,inf,SAFE,Monitor cautiously
8.90,True,True,True,True,True,151.231,0.224,inf,SAFE,Monitor cautiously
8.93,True,True,True,True,True,150.903,0.217,inf,SAFE,Monitor cautiously
8.97,True,True,True,True,True,150.578,0.210,inf,SAFE,Monitor cautiously
9.00,True,True,True,True,True,150.255,0.203,inf,SAFE,Monitor cautiously
9.03,True,True,True,True,True,149.935,0.197,inf,SAFE,Monitor cautiously
9.07,True,True,True,True,True,149.616,0.191,inf,SAFE,Monitor cautiously
9.10,True,True,True,True,True,149.300,0.185,inf,SAFE,Monitor cautiously
9.13,True,True,True,True,True,148.986,0.180,inf,SAFE,Monitor cautiously
9.17,True,True,True,True,True,148.674,0.175,inf,SAFE,Monitor cautiously
9.20,True,True,True,True,True,148.364,0.170,inf,SAFE,Monitor cautiously
9.23,True,True,True,True,True,148.056,0.166,inf,SAFE,Monitor cautiously
9.27,True,True,True,True,True,147.750,0.162,inf,SAFE,Monitor cautiously
9.30,True,True,True,True,True,147.446,0.158,inf,SAFE,Monitor cautiously
9.33,True,True,True,True,True,147.143,0.155,inf,SAFE,Monitor cautiously
9.37,True,True,True,True,True,146.843,0.152,inf,SAFE,Monitor cautiously
9.40,True,True,True,True,True,146.544,0.149,inf,SAFE,Monitor cautiously
9.43,True,True,True,True,True,146.247,0.146,inf,SAFE,Monitor cautiously
9.47,True,True,True,True,True,145.952,0.144,inf,SAFE,Monitor cautiously
9.50,True,True,True,True,True,145.658,0.142,inf,SAFE,Monitor cautiously
9.53,True,True,True,True,True,145.366,0.140,inf,SAFE,Monitor cautiously
9.57,True,True,True,True,True,145.075,0.139,inf,SAFE,Monitor cautiously
9.60,True,True,True,True,True,144.787,0.138,inf,SAFE,Monitor cautiously
9.63,True,True,True,True,True,144.499,0.136,inf,SAFE,Monitor cautiously
9.67,True,True,True,True,True,144.214,0.135,inf,SAFE,Monitor cautiously
9.70,True,True,True,True,True,143.930,0.135,inf,SAFE,Monitor cautiously
9.73,True,True,True,True,True,143.647,0.134,inf,SAFE,Monitor cautiously
9.77,True,True,True,True,True,143.366,0.134,inf,SAFE,Monitor cautiously
9.80,True,True,True,True,True,143.087,0.133,inf,SAFE,Monitor cautiously
9.83,True,True,True,True,True,142.809,0.133,inf,SAFE,Monitor cautiously
9.87,True,True,True,True,True,142.533,0.133,inf,SAFE,Monitor cautiously
9.90,True,True,True,True,True,142.258,0.133,inf,SAFE,Monitor cautiously
9.93,True,True,True,True,True,141.985,0.134,inf,SAFE,Monitor cautiously
9.97,True,True,True,True,True,141.713,0.134,inf,SAFE,Monitor cautiously
10.00,True,True,True,True,True,141.443,0.134,inf,SAFE,Monitor cautiously
10.03,True,True,True,True,True,141.174,0.135,inf,SAFE,Monitor cautiously
10.07,True,True,True,True,True,140.907,0.135,inf,SAFE,Monitor cautiously
10.10,True,True,True,True,True,140.642,0.136,inf,SAFE,Monitor cautiously
10.13,True,True,True,True,True,140.378,0.137,inf,SAFE,Monitor cautiously
10.17,True,True,True,True,True,140.115,0.138,inf,SAFE,Monitor cautiously
10.20,True,True,True,True,True,139.854,0.139,inf,SAFE,Monitor cautiously
10.23,True,True,True,True,True,139.595,0.140,inf,SAFE,Monitor cautiously
10.27,True,True,True,True,True,139.337,0.141,inf,SAFE,Monitor cautiously
10.30,True,True,True,True,True,139.081,0.142,inf,SAFE,Monitor cautiously
10.33,True,True,True,True,True,138.826,0.143,inf,SAFE,Monitor cautiously
10.37,True,True,True,True,True,138.572,0.144,inf,SAFE,Monitor cautiously
10.40,True,True,True,True,True,138.320,0.145,inf,SAFE,Monitor cautiously
10.43,True,True,True,True,True,138.070,0.146,inf,SAFE,Monitor cautiously
10.47,True,True,True,True,True,137.821,0.147,inf,SAFE,Monitor cautiously
10.50,True,True,True,True,True,137.573,0.148,inf,SAFE,Monitor cautiously
10.53,True,True,True,True,True,137.327,0.150,inf,SAFE,Monitor cautiously
10.57,True,True,True,True,True,137.082,0.151,inf,SAFE,Monitor cautiously
10.60,True,True,True,True,True,136.839,0.152,inf,SAFE,Monitor cautiously
10.63,True,True,True,True,True,136.597,0.153,inf,SAFE,Monitor cautiously
10.67,True,True,True,True,True,136.357,0.155,inf,SAFE,Monitor cautiously
10.70,True,True,True,True,True,136.118,0.156,inf,SAFE,Monitor cautiously
10.73,True,True,True,True,True,135.881,0.157,inf,SAFE,Monitor cautiously
10.77,True,True,True,True,True,135.645,0.159,inf,SAFE,Monitor cautiously
10.80,True,True,True,True,True,135.410,0.160,inf,SAFE,Monitor cautiously
10.83,True,True,True,True,True,135.177,0.161,inf,SAFE,Monitor cautiously
10.87,True,True,True,True,True,134.945,0.163,inf,SAFE,Monitor cautiously
10.90,True,True,True,True,True,134.714,0.164,inf,SAFE,Monitor cautiously
10.93,True,True,True,True,True,134.485,0.165,inf,SAFE,Monitor cautiously
10.97,True,True,True,True,True,134.257,0.167,inf,SAFE,Monitor cautiously
11.00,True,True,True,True,True,134.031,0.168,inf,SAFE,Monitor cautiously
11.03,True,True,True,True,True,133.806,0.169,inf,SAFE,Monitor cautiously
11.07,True,True,True,True,True,133.582,0.171,inf,SAFE,Monitor cautiously
11.10,True,True,True,True,True,133.360,0.172,inf,SAFE,Monitor cautiously
11.13,True,True,True,True,True,133.139,0.173,inf,SAFE,Monitor cautiously
11.17,True,True,True,True,True,132.919,0.175,inf,SAFE,Monitor cautiously
11.20,True,True,True,True,True,132.701,0.176,inf,SAFE,Monitor cautiously
11.23,True,True,True,True,True,132.483,0.177,inf,SAFE,Monitor cautiously
11.27,True,True,True,True,True,132.268,0.179,inf,SAFE,Monitor cautiously
11.30,True,True,True,True,True,132.053,0.180,inf,SAFE,Monitor cautiously
11.33,True,True,True,True,True,131.840,0.181,inf,SAFE,Monitor cautiously
11.37,True,True,True,True,True,131.628,0.182,inf,SAFE,Monitor cautiously
11.40,True,True,True,True,True,131.418,0.184,inf,SAFE,Monitor cautiously
11.43,True,True,True,True,True,131.209,0.185,inf,SAFE,Monitor cautiously
11.47,True,True,True,True,True,131.001,0.186,inf,SAFE,Monitor cautiously
11.50,True,True,True,True,True,130.794,0.187,inf,SAFE,Monitor cautiously
11.53,True,True,True,True,True,130.589,0.189,inf,SAFE,Monitor cautiously
11.57,True,True,True,True,True,130.385,0.190,inf,SAFE,Monitor cautiously
11.60,True,True,True,True,True,130.182,0.191,inf,SAFE,Monitor cautiously
11.63,True,True,True,True,True,129.980,0.192,inf,SAFE,Monitor cautiously
11.67,True,True,True,True,True,129.780,0.193,inf,SAFE,Monitor cautiously
11.70,True,True,True,True,True,129.581,0.195,inf,SAFE,Monitor cautiously
11.73,True,True,True,True,True,129.383,0.196,inf,SAFE,Monitor cautiously
11.77,True,True,True,True,True,129.186,0.197,inf,SAFE,Monitor cautiously
11.80,True,True,True,True,True,128.991,0.198,inf,SAFE,Monitor cautiously
11.83,True,True,True,True,True,128.797,0.199,inf,SAFE,Monitor cautiously
11.87,True,True,True,True,True,128.604,0.200,inf,SAFE,Monitor cautiously
11.90,True,True,True,True,True,128.412,0.201,inf,SAFE,Monitor cautiously
11.93,True,True,True,True,True,128.222,0.203,inf,SAFE,Monitor cautiously
11.97,True,True,True,True,True,128.032,0.204,inf,SAFE,Monitor cautiously
12.00,True,True,True,True,True,127.844,0.205,inf,SAFE,Monitor cautiously
12.03,True,True,True,True,True,127.657,0.206,inf,SAFE,Monitor cautiously
12.07,True,True,True,True,True,127.472,0.207,inf,SAFE,Monitor cautiously
12.10,True,True,True,True,True,127.287,0.208,inf,SAFE,Monitor cautiously
12.13,True,True,True,True,True,127.104,0.209,inf,SAFE,Monitor cautiously
12.17,True,True,True,True,True,126.922,0.210,inf,SAFE,Monitor cautiously
12.20,True,True,True,True,True,126.741,0.211,inf,SAFE,Monitor cautiously
12.23,True,True,True,True,True,126.561,0.212,inf,SAFE,Monitor cautiously
12.27,True,True,True,True,True,126.383,0.213,inf,SAFE,Monitor cautiously
12.30,True,True,True,True,True,126.205,0.214,inf,SAFE,Monitor cautiously
12.33,True,True,True,True,True,126.029,0.215,inf,SAFE,Monitor cautiously
12.37,True,True,True,True,True,125.854,0.216,inf,SAFE,Monitor cautiously
12.40,True,True,True,True,True,125.680,0.217,inf,SAFE,Monitor cautiously
12.43,True,True,True,True,True,125.507,0.218,inf,SAFE,Monitor cautiously
12.47,True,True,True,True,True,125.336,0.219,inf,SAFE,Monitor cautiously
12.50,True,True,True,True,True,125.165,0.220,inf,SAFE,Monitor cautiously
12.53,True,True,True,True,True,124.996,0.220,inf,SAFE,Monitor cautiously
12.57,True,True,True,True,True,124.827,0.221,inf,SAFE,Monitor cautiously
12.60,True,True,True,True,True,124.660,0.222,inf,SAFE,Monitor cautiously
12.63,True,True,True,True,True,124.494,0.223,inf,SAFE,Monitor cautiously
12.67,True,True,True,True,True,124.329,0.224,inf,SAFE,Monitor cautiously
12.70,True,True,True,True,True,124.165,0.225,inf,SAFE,Monitor cautiously
12.73,True,True,True,True,True,124.003,0.226,inf,SAFE,Monitor cautiously
12.77,True,True,True,True,True,123.841,0.226,inf,SAFE,Monitor cautiously
12.80,True,True,True,True,True,123.680,0.227,inf,SAFE,Monitor cautiously
12.83,True,True,True,True,True,123.521,0.228,inf,SAFE,Monitor cautiously
12.87,True,True,True,True,True,123.363,0.229,inf,SAFE,Monitor cautiously
12.90,True,True,True,True,True,123.205,0.230,inf,SAFE,Monitor cautiously
12.93,True,True,True,True,True,123.049,0.230,inf,SAFE,Monitor cautiously
12.97,True,True,True,True,True,122.894,0.231,inf,SAFE,Monitor cautiously
13.00,True,True,True,True,True,122.740,0.232,inf,SAFE,Monitor cautiously
13.03,True,True,True,True,True,122.587,0.233,inf,SAFE,Monitor cautiously
13.07,True,True,True,True,True,122.435,0.233,inf,SAFE,Monitor cautiously
13.10,True,True,True,True,True,122.284,0.234,inf,SAFE,Monitor cautiously
13.13,True,True,True,True,True,122.134,0.235,inf,SAFE,Monitor cautiously
13.17,True,True,True,True,True,121.985,0.235,inf,SAFE,Monitor cautiously
13.20,True,True,True,True,True,121.837,0.236,inf,SAFE,Monitor cautiously
13.23,True,True,True,True,True,121.690,0.237,inf,SAFE,Monitor cautiously
13.27,True,True,True,True,True,121.544,0.238,inf,SAFE,Monitor cautiously
13.30,True,True,True,True,True,121.399,0.238,inf,SAFE,Monitor cautiously
13.33,True,True,True,True,True,121.256,0.239,inf,SAFE,Monitor cautiously
13.37,True,True,True,True,True,121.113,0.239,inf,SAFE,Monitor cautiously
13.40,True,True,True,True,True,120.971,0.240,inf,SAFE,Monitor cautiously
13.43,True,True,True,True,True,120.830,0.241,inf,SAFE,Monitor cautiously
13.47,True,True,True,True,True,120.690,0.241,inf,SAFE,Monitor cautiously
13.50,True,True,True,True,True,120.551,0.242,inf,SAFE,Monitor cautiously
13.53,True,True,True,True,True,120.413,0.242,inf,SAFE,Monitor cautiously
13.57,True,True,True,True,True,120.276,0.243,inf,SAFE,Monitor cautiously
13.60,True,True,True,True,True,120.140,0.244,inf,SAFE,Monitor cautiously
13.63,True,True,True,True,True,120.005,0.244,inf,SAFE,Monitor cautiously
13.67,True,True,True,True,True,119.871,0.245,inf,SAFE,Monitor cautiously
13.70,True,True,True,True,True,119.738,0.245,inf,SAFE,Monitor cautiously
13.73,True,True,True,True,True,119.606,0.246,inf,SAFE,Monitor cautiously
13.77,True,True,True,True,True,119.475,0.246,inf,SAFE,Monitor cautiously
13.80,True,True,True,True,True,119.344,0.247,inf,SAFE,Monitor cautiously
13.83,True,True,True,True,True,119.215,0.247,inf,SAFE,Monitor cautiously
13.87,True,True,True,True,True,119.086,0.248,inf,SAFE,Monitor cautiously
13.90,True,True,True,True,True,118.959,0.248,inf,SAFE,Monitor cautiously
13.93,True,True,True,True,True,118.832,0.249,inf,SAFE,Monitor cautiously
13.97,True,True,True,True,True,118.706,0.249,inf,SAFE,Monitor cautiously
14.00,True,True,True,True,True,118.581,0.250,inf,SAFE,Monitor cautiously
14.03,True,True,True,True,True,118.457,0.250,inf,SAFE,Monitor cautiously
14.07,True,True,True,True,True,118.334,0.250,inf,SAFE,Monitor cautiously
14.10,True,True,True,True,True,118.212,0.251,inf,SAFE,Monitor cautiously
14.13,True,True,True,True,True,118.091,0.251,inf,SAFE,Monitor cautiously
14.17,True,True,True,True,True,117.970,0.252,inf,SAFE,Monitor cautiously
14.20,True,True,True,True,True,117.850,0.252,inf,SAFE,Monitor cautiously
14.23,True,True,True,True,True,117.732,0.253,inf,SAFE,Monitor cautiously
14.27,True,True,True,True,True,117.614,0.253,inf,SAFE,Monitor cautiously
14.30,True,True,True,True,True,117.497,0.253,inf,SAFE,Monitor cautiously
14.33,True,True,True,True,True,117.380,0.254,inf,SAFE,Monitor cautiously
14.37,True,True,True,True,True,117.265,0.254,inf,SAFE,Monitor cautiously
14.40,True,True,True,True,True,117.150,0.254,inf,SAFE,Monitor cautiously
14.43,True,True,True,True,True,117.037,0.255,inf,SAFE,Monitor cautiously
14.47,True,True,True,True,True,116.924,0.255,inf,SAFE,Monitor cautiously
14.50,True,True,True,True,True,116.812,0.255,inf,SAFE,Monitor cautiously
14.53,True,True,True,True,True,116.700,0.256,inf,SAFE,Monitor cautiously
14.57,True,True,True,True,True,116.590,0.256,inf,SAFE,Monitor cautiously
14.60,True,True,True,True,True,116.480,0.256,inf,SAFE,Monitor cautiously
14.63,True,True,True,True,True,116.371,0.257,inf,SAFE,Monitor cautiously
14.67,True,True,True,True,True,116.263,0.257,inf,SAFE,Monitor cautiously
14.70,True,True,True,True,True,116.156,0.257,inf,SAFE,Monitor cautiously
14.73,True,True,True,True,True,116.049,0.257,inf,SAFE,Monitor cautiously
14.77,True,True,True,True,True,115.944,0.258,inf,SAFE,Monitor cautiously
14.80,True,True,True,True,True,115.839,0.258,inf,SAFE,Monitor cautiously
14.83,True,True,True,True,True,115.734,0.258,inf,SAFE,Monitor cautiously
14.87,True,True,True,True,True,115.631,0.258,inf,SAFE,Monitor cautiously
14.90,True,True,True,True,True,115.528,0.259,inf,SAFE,Monitor cautiously
14.93,True,True,True,True,True,115.426,0.259,inf,SAFE,Monitor cautiously
14.97,True,True,True,True,True,115.325,0.259,inf,SAFE,Monitor cautiously
15.00,True,True,True,True,True,115.224,0.259,inf,SAFE,Monitor cautiously
15.03,True,True,True,True,True,115.125,0.259,inf,SAFE,Monitor cautiously
15.07,True,True,True,True,True,115.025,0.260,inf,SAFE,Monitor cautiously
15.10,True,True,True,True,True,114.927,0.260,inf,SAFE,Monitor cautiously
15.13,True,True,True,True,True,114.830,0.260,inf,SAFE,Monitor cautiously
15.17,True,True,True,True,True,114.733,0.260,inf,SAFE,Monitor cautiously
15.20,True,True,True,True,True,114.636,0.260,inf,SAFE,Monitor cautiously
15.23,True,True,True,True,True,114.541,0.260,inf,SAFE,Monitor cautiously
15.27,True,True,True,True,True,114.446,0.260,inf,SAFE,Monitor cautiously
15.30,True,True,True,True,True,114.352,0.261,inf,SAFE,Monitor cautiously
15.33,True,True,True,True,True,114.259,0.261,inf,SAFE,Monitor cautiously
15.37,True,True,True,True,True,114.166,0.261,inf,SAFE,Monitor cautiously
15.40,True,True,True,True,True,114.074,0.261,inf,SAFE,Monitor cautiously
15.43,True,True,True,True,True,113.983,0.261,inf,SAFE,Monitor cautiously
15.47,True,True,True,True,True,113.892,0.261,inf,SAFE,Monitor cautiously
15.50,True,True,True,True,True,113.802,0.261,inf,SAFE,Monitor cautiously
15.53,True,True,True,True,True,113.713,0.261,inf,SAFE,Monitor cautiously
15.57,True,True,True,True,True,113.624,0.261,inf,SAFE,Monitor cautiously
15.60,True,True,True,True,True,113.536,0.261,inf,SAFE,Monitor cautiously
15.63,True,True,True,True,True,113.448,0.261,inf,SAFE,Monitor cautiously
15.67,True,True,True,True,True,113.362,0.262,inf,SAFE,Monitor cautiously
15.70,True,True,True,True,True,113.275,0.262,inf,SAFE,Monitor cautiously
15.73,True,True,True,True,True,113.190,0.262,inf,SAFE,Monitor cautiously
15.77,True,True,True,True,True,113.105,0.262,inf,SAFE,Monitor cautiously
15.80,True,True,True,True,True,113.021,0.262,inf,SAFE,Monitor cautiously
15.83,True,True,True,True,True,112.937,0.262,inf,SAFE,Monitor cautiously
15.87,True,True,True,True,True,112.854,0.262,inf,SAFE,Monitor cautiously
15.90,True,True,True,True,True,112.772,0.262,inf,SAFE,Monitor cautiously
